{
	"pages": [
		{
			"path": "pages/index/index"
		},
		{
			"path": "pages/index/index-static"
		},
		{
			"path": "pages/index/index-dynamic"
		}
	]
	// #ifdef MP-ALIPAY
  ,"globalStyle": {
    "navigationBarTitleText": "商品sku选择器组件豪华独立版"
  }
  // #endif
  // #ifndef MP-ALIPAY
  ,"globalStyle": {
    "navigationBarTextStyle": "black",
    "navigationBarTitleText": "商品sku选择器组件豪华独立版",
    "navigationBarBackgroundColor": "#F8F8F8",
    "backgroundColor": "#F8F8F8"
  }
  // #endif
}
